<?xml version="1.0" encoding="UTF-8"?>
<!DOCTYPE suite SYSTEM "https://testng.org/testng-1.0.dtd">
<suite name="Suite">
	<listeners>
		<listener class-name="Com.Ecommerce.Utilitities.Listners"></listener>	
	</listeners>
	<parameter name="Browser" value="Chrome"></parameter>
	<test thread-count="5" name="Test">
		<classes>
		
      <!--class name="Com.Ecommerce.TestCases.TC_NewRegistration"/-->
	  <class name="Com.Ecommerce.TestCases.TC_LoginDataTestCase"/>
	
		</classes>
	</test> <!-- Test -->
</suite> <!-- Suite -->